{"Dr Martin L King Jr": [[41.7218553843, -87.6139718105], [41.7291900977, -87.6141896483]], "Jackson": [[41.878077, -87.636914], [41.87828, -87.624306]], "Cumberland": [[41.9666029184, -87.8364657943], [41.9842190562, -87.8363972163]], "Chicago": [[41.896714, -87.632709], [41.896497, -87.647745]], "57th": [[41.7925056725, -87.5838907781], [41.7922806244, -87.5803028186]], "Cermak": [[41.8524053768, -87.656182952], [41.8525453729, -87.6464628869]], "Fairbanks": [[41.896785, -87.620469], [41.891002, -87.620324]], "Pulaski": [[41.9536468185, -87.7274333564], [41.9596128313, -87.7276617396]], "State": [[41.875639, -87.627718], [41.867413, -87.627518]], "87th": [[41.7348842334, -87.7119953299], [41.735083368, -87.7020978703]], "Touhy": [[42.0122507875, -87.6997439031], [42.0119940558, -87.7090540535]], "Indiana": [[41.66330931, -87.617866], [41.65900629, -87.618769]], "130th": [[41.6598188126, -87.5888058664], [41.6590521297, -87.5592878166]], "Columbus": [[41.891002, -87.620424], [41.884414, -87.620742]], "North": [[41.9098569484, -87.7167020015], [41.909978124, -87.7069618067]], "95th": [[41.7213210669, -87.6432247623], [41.7215727836, -87.628638933]], "Garfield": [[41.7941615692, -87.6645803881], [41.7940535229, -87.6742991606]], "Caldwell": [[41.996247, -87.764172], [41.99730108, -87.76650952]], "55th": [[41.7940137889, -87.684040386], [41.7938280159, -87.6937965741]], "Western": [[41.9030150932, -87.686843103], [41.9103198343, -87.6870370163]], "LaSalle": [[41.878134, -87.632157], [41.886928, -87.632384]], "Sheridan": [[42.0128310075, -87.6636373596], [42.0055411356, -87.6611036606]], "Halsted": [[41.69964, -87.642417], [41.706916, -87.642643]], "Cicero": [[41.8949856048, -87.7456284502], [41.9023415361, -87.7458024865]], "79th": [[41.7494782498, -87.7316040523], [41.7492847508, -87.7413265301]], "Roosevelt": [[41.8666173666, -87.6762510995], [41.8667242852, -87.6663849776]], "Balbo": [[41.872992, -87.627565], [41.873156, -87.617312]], "Archer": [[41.7924861906, -87.7818044315], [41.7922933877, -87.7915747868]], "Milwaukee": [[41.9319511814, -87.7120661817], [41.9391405545, -87.72376658]], "Ashland": [[41.7503581457, -87.663620583], [41.7430778317, -87.6634347632]], "Harlem": [[41.8942683013, -87.8051007941], [41.9088560337, -87.8055536529]], "Monterey": [[41.692177, -87.663494], [41.6920654143, -87.6704818022]], "Madison": [[41.881354, -87.666802], [41.881515, -87.657142]], "Congress": [[41.8758738945, -87.624251783], [41.8757590907, -87.6276277176]], "Clark": [[41.874521, -87.630774], [41.867374, -87.630536]], "Wacker": [[41.88802888, -87.62457922], [41.88736263, -87.61402835]], "Ramp To Cermak Rd": [[41.8382721184, -87.6302516413], [41.8455540437, -87.6309237336]], "Elston": [[41.9107515338, -87.6620211809], [41.9186224793, -87.66795526]], "Washington": [[41.8826899771, -87.664672601], [41.8829113042, -87.6566669933]], "Lake Shore Dr": [[41.8579604705, -87.6164188659], [41.8674650997, -87.6186711362]], "Irving Park": [[41.9519145079, -87.8367125529], [41.9521088985, -87.8269783644]], "Desplaines": [[41.8818287714, -87.6442914709], [41.874374782, -87.6440417428]], "127th": [[41.6631935046, -87.6413683477], [41.6632816133, -87.6176632662]], "Harrison": [[41.874238, -87.647125], [41.874238, -87.639487]], "Broadway": [[41.9982097226, -87.6605728465], [41.9854635087, -87.6603094445]], "Randolph": [[41.8846086464, -87.6244501884], [41.8845986991, -87.637068542]], "111th": [[41.6927563144, -87.6210363283], [41.6925984414, -87.6329215921]], "Warren": [[41.8822417003, -87.6668391286], [41.8826899771, -87.664672601]]}