{"Dr Martin L King Jr": [[41.7657125565, -87.6151145145], [41.7729467839, -87.615233728]], "Jackson": [[41.878077, -87.636914], [41.87828, -87.624306]], "Cumberland": [[41.9842206477, -87.8367650119], [41.9666029184, -87.8368335094]], "Chicago": [[41.896497, -87.647745], [41.896367, -87.655452]], "57th": [[41.7925550314, -87.5802996067], [41.7927800797, -87.5838875815]], "Cermak": [[41.8513081642, -87.73451023], [41.8514551448, -87.7248565643]], "Fairbanks": [[41.896785, -87.620469], [41.891002, -87.620324]], "Pulaski": [[41.9171651852, -87.7263752552], [41.9244829851, -87.7266541696]], "State": [[41.896677, -87.628298], [41.886813, -87.628076]], "87th": [[41.7348842334, -87.7119953299], [41.735083368, -87.7020978703]], "Touhy": [[42.0118538545, -87.8065759801], [42.0115963199, -87.8163255119]], "Indiana": [[41.66330931, -87.617866], [41.65900629, -87.618769]], "130th": [[41.6598188126, -87.5888058664], [41.6590521297, -87.5592878166]], "Columbus": [[41.891002, -87.620424], [41.884414, -87.620742]], "North": [[41.9096183569, -87.7362643899], [41.9097494848, -87.7263320051]], "95th": [[41.7208280858, -87.6820597144], [41.7208895929, -87.6727283985]], "Garfield": [[41.7944390571, -87.6451588943], [41.7943090849, -87.6548728011]], "Caldwell": [[41.99730108, -87.76650952], [42.00481724, -87.78226252]], "55th": [[41.7933416014, -87.7231576487], [41.7932531887, -87.7329622535]], "Western": [[41.7938776185, -87.6842251186], [41.7865297579, -87.6840139301]], "LaSalle": [[41.878134, -87.632157], [41.886928, -87.632384]], "Sheridan": [[42.0055389804, -87.6607357537], [42.0128288601, -87.6632694105]], "Halsted": [[41.714215, -87.642814], [41.721458, -87.643022]], "Cicero": [[41.8879205051, -87.7453403489], [41.8949856048, -87.7456284502]], "79th": [[41.7496709256, -87.7218815259], [41.7494782498, -87.7316040523]], "Roosevelt": [[41.8664753382, -87.6860397975], [41.8666173666, -87.6762510995]], "Balbo": [[41.872992, -87.627565], [41.873156, -87.617312]], "Archer": [[41.7922933877, -87.7915747868], [41.7920840659, -87.801548143]], "Milwaukee": [[41.9391405545, -87.72376658], [41.9462431643, -87.7354431617]], "Ashland": [[41.7503581457, -87.663620583], [41.7430778317, -87.6634347632]], "Harlem": [[41.9538138239, -87.8071497455], [41.9683436725, -87.8069823878]], "Monterey": [[41.692177, -87.663494], [41.6920654143, -87.6704818022]], "Madison": [[41.881876, -87.647361], [41.881715, -87.657142]], "Congress": [[41.8754846848, -87.6276307364], [41.8755994887, -87.6242548163]], "Clark": [[41.9896994841, -87.6701675838], [41.987541, -87.66971]], "Wacker": [[41.8857235783, -87.6367881652], [41.8868541443, -87.6352595929]], "Ramp To Cermak Rd": [[41.8382721184, -87.6302516413], [41.8455540437, -87.6309237336]], "Elston": [[41.9107515338, -87.6620211809], [41.9186224793, -87.66795526]], "Washington": [[41.8826899771, -87.664672601], [41.8829113042, -87.6566669933]], "Lake Shore Dr": [[41.8109426802, -87.5886173859], [41.8169468056, -87.5949089327]], "Irving Park": [[41.9519145079, -87.8367125529], [41.9521088985, -87.8269783644]], "Desplaines": [[41.8890317788, -87.6445439049], [41.8818287714, -87.6442914709]], "127th": [[41.6635560289, -87.6176602275], [41.6634679215, -87.6413654096]], "Harrison": [[41.874238, -87.639487], [41.874452, -87.627611]], "Broadway": [[41.9854613518, -87.6599416534], [41.9982075605, -87.6601728465]], "Randolph": [[41.8845180727, -87.6143562664], [41.8846520046, -87.6206419402]], "111th": [[41.6925071489, -87.6423633676], [41.6923840472, -87.6521355509]], "Warren": [[41.8822417003, -87.6668391286], [41.8826899771, -87.664672601]]}